{
  "properties": {
    "connectionReferences": {
      "shared_yammer_1": {
        "runtimeSource": "invoker",
        "connection": {
          "connectionReferenceLogicalName": "msftprp_PromptPulseEngageConnection"
        },
        "api": {
          "name": "shared_yammer"
        }
      },
      "shared_office365groups_1": {
        "runtimeSource": "invoker",
        "connection": {
          "connectionReferenceLogicalName": "msftprp_PromptPulseOffice365GroupsConnection"
        },
        "api": {
          "name": "shared_office365groups"
        }
      }
    },
    "definition": {
      "$schema": "https://schema.management.azure.com/providers/Microsoft.Logic/schemas/2016-06-01/workflowdefinition.json#",
      "contentVersion": "undefined",
      "parameters": {
        "$connections": {
          "defaultValue": {},
          "type": "Object"
        },
        "$authentication": {
          "defaultValue": {},
          "type": "SecureObject"
        }
      },
      "triggers": {
        "manual": {
          "metadata": {
            "operationMetadataId": "1f462230-741f-4e6f-8997-640d36152d41"
          },
          "type": "Request",
          "kind": "PowerAppV2",
          "inputs": {
            "schema": {
              "type": "object",
              "properties": {},
              "required": []
            }
          }
        }
      },
      "actions": {
        "Get_communities": {
          "runAfter": {
            "Initialize_Communities_variable": [
              "Succeeded"
            ]
          },
          "metadata": {
            "operationMetadataId": "61ad4942-cd2f-4313-86a2-62b8e1079d1d"
          },
          "type": "OpenApiConnection",
          "inputs": {
            "host": {
              "connectionName": "shared_yammer_1",
              "operationId": "GetGroups",
              "apiId": "/providers/Microsoft.PowerApps/apis/shared_yammer"
            },
            "parameters": {
              "network_id": "Default",
              "mine": 1,
              "showAllCompanyGroup": 0
            },
            "authentication": "@parameters('$authentication')"
          }
        },
        "Loop_through_communities": {
          "foreach": "@outputs('Get_communities')?['body']",
          "actions": {
            "Get_community_group": {
              "runAfter": {},
              "metadata": {
                "operationMetadataId": "14f1c89b-60e4-4049-ac5b-5da74b0cb04e"
              },
              "type": "OpenApiConnection",
              "inputs": {
                "host": {
                  "connectionName": "shared_office365groups_1",
                  "operationId": "HttpRequestV2",
                  "apiId": "/providers/Microsoft.PowerApps/apis/shared_office365groups"
                },
                "parameters": {
                  "Uri": "https://graph.microsoft.com/v1.0/groups?$filter=groupTypes/any(a:a eq 'unified') and displayName eq '@{items('Loop_through_communities')?['full_name']}'&$select=id,displayName,creationOptions,resourceProvisioningOptions&$top=999",
                  "Method": "GET",
                  "ContentType": "application/json"
                },
                "authentication": "@parameters('$authentication')"
              }
            },
            "Parse_group_JSON": {
              "runAfter": {
                "Get_community_group": [
                  "Succeeded"
                ]
              },
              "metadata": {
                "operationMetadataId": "2251b031-19e5-4ac0-a90f-ba7248ba2fd9"
              },
              "type": "ParseJson",
              "inputs": {
                "content": "@body('Get_community_group')",
                "schema": {
                  "type": "object",
                  "properties": {
                    "@@odata.context": {
                      "type": "string"
                    },
                    "value": {
                      "type": "array",
                      "items": {
                        "type": "object",
                        "properties": {
                          "id": {
                            "type": "string"
                          },
                          "displayName": {
                            "type": "string"
                          },
                          "creationOptions": {
                            "type": "array",
                            "items": {
                              "type": "string"
                            }
                          },
                          "resourceProvisioningOptions": {
                            "type": "array",
                            "items": {
                              "type": "string"
                            }
                          }
                        },
                        "required": [
                          "id",
                          "displayName",
                          "creationOptions",
                          "resourceProvisioningOptions"
                        ]
                      }
                    }
                  }
                }
              }
            },
            "Loop_through_groups": {
              "foreach": "@body('Parse_group_JSON')?['value']",
              "actions": {
                "Check_if_group_is_an_Engage_community": {
                  "actions": {
                    "Append_to_Communities_array": {
                      "runAfter": {},
                      "metadata": {
                        "operationMetadataId": "8d3a34b1-4af6-40e9-84e6-fb71f999f2c4"
                      },
                      "type": "AppendToArrayVariable",
                      "inputs": {
                        "name": "Communities",
                        "value": {
                          "communityId": "@{items('Loop_through_communities')?['id']}",
                          "name": "@{items('Loop_through_communities')?['full_name']}",
                          "groupId": "@{items('Loop_through_groups')?['id']}"
                        }
                      }
                    }
                  },
                  "runAfter": {},
                  "expression": {
                    "and": [
                      {
                        "contains": [
                          "@items('Loop_through_groups')?['creationOptions']",
                          "YammerProvisioning"
                        ]
                      }
                    ]
                  },
                  "metadata": {
                    "operationMetadataId": "efc0770d-3011-4e7e-b134-8049a58d9c8b"
                  },
                  "type": "If"
                }
              },
              "runAfter": {
                "Parse_group_JSON": [
                  "Succeeded"
                ]
              },
              "metadata": {
                "operationMetadataId": "28d03ffc-e100-4533-9d00-9a0c4db0548c"
              },
              "type": "Foreach"
            }
          },
          "runAfter": {
            "Get_communities": [
              "Succeeded"
            ]
          },
          "metadata": {
            "operationMetadataId": "3962f5bc-fbae-405d-a211-029ff6310e5f"
          },
          "type": "Foreach"
        },
        "Initialize_Communities_variable": {
          "runAfter": {},
          "metadata": {
            "operationMetadataId": "8d934d06-2d57-4ce9-81a5-05c1af110a3b"
          },
          "type": "InitializeVariable",
          "inputs": {
            "variables": [
              {
                "name": "Communities",
                "type": "array"
              }
            ]
          }
        },
        "Respond_to_a_Power_App_or_flow": {
          "runAfter": {
            "Loop_through_communities": [
              "Succeeded"
            ]
          },
          "metadata": {
            "operationMetadataId": "3e5a63b1-e629-4f42-a3e4-03af7f962d6f"
          },
          "type": "Response",
          "kind": "PowerApp",
          "inputs": {
            "statusCode": 200,
            "body": {
              "communities": "@{variables('Communities')}"
            },
            "schema": {
              "type": "object",
              "properties": {
                "communities": {
                  "title": "Communities",
                  "x-ms-dynamically-added": true,
                  "type": "string"
                }
              }
            }
          }
        }
      }
    },
    "templateName": ""
  },
  "schemaVersion": "1.0.0.0"
}