<environmentvariabledefinition schemaname="msftprp_PromptPulseCampaignsList">
  <apiid>/providers/microsoft.powerapps/apis/shared_sharepointonline</apiid>
  <description default="Prompt Pulse Campaigns SharePoint List">
    <label description="Prompt Pulse Campaigns SharePoint List" languagecode="1033" />
  </description>
  <displayname default="Prompt Pulse Campaigns List">
    <label description="Prompt Pulse Campaigns List" languagecode="1033" />
  </displayname>
  <introducedversion>3.0.0.1</introducedversion>
  <iscustomizable>1</iscustomizable>
  <isrequired>0</isrequired>
  <parameterkey>table</parameterkey>
  <parentdefinitionid>
    <schemaname>msftprp_PromptPulseSPOSite</schemaname>
  </parentdefinitionid>
  <secretstore>0</secretstore>
  <type>100000004</type>
</environmentvariabledefinition>