<ImportExportXml xmlns:xsi="http://www.w3.org/2001/XMLSchema-instance">
  <Entities></Entities>
  <Roles></Roles>
  <Workflows>
    <Workflow WorkflowId="{bdcc8044-b649-ef11-a317-7c1e521d6805}" Name="Like Prompt">
      <JsonFileName>/Workflows/LikePrompt-BDCC8044-B649-EF11-A317-7C1E521D6805.json</JsonFileName>
      <Type>1</Type>
      <Subprocess>0</Subprocess>
      <Category>5</Category>
      <Mode>0</Mode>
      <Scope>4</Scope>
      <OnDemand>0</OnDemand>
      <TriggerOnCreate>0</TriggerOnCreate>
      <TriggerOnDelete>0</TriggerOnDelete>
      <AsyncAutodelete>0</AsyncAutodelete>
      <SyncWorkflowLogOnFailure>0</SyncWorkflowLogOnFailure>
      <StateCode>1</StateCode>
      <StatusCode>2</StatusCode>
      <RunAs>1</RunAs>
      <IsTransacted>1</IsTransacted>
      <IntroducedVersion>1.0.0.0</IntroducedVersion>
      <IsCustomizable>1</IsCustomizable>
      <BusinessProcessType>0</BusinessProcessType>
      <IsCustomProcessingStepAllowedForOtherPublishers>1</IsCustomProcessingStepAllowedForOtherPublishers>
      <PrimaryEntity>none</PrimaryEntity>
      <LocalizedNames>
        <LocalizedName languagecode="1033" description="Like Prompt" />
      </LocalizedNames>
    </Workflow>
    <Workflow WorkflowId="{becc8044-b649-ef11-a317-7c1e521d6805}" Name="Send Prompt">
      <JsonFileName>/Workflows/SendPrompt-BECC8044-B649-EF11-A317-7C1E521D6805.json</JsonFileName>
      <Type>1</Type>
      <Subprocess>0</Subprocess>
      <Category>5</Category>
      <Mode>0</Mode>
      <Scope>4</Scope>
      <OnDemand>0</OnDemand>
      <TriggerOnCreate>0</TriggerOnCreate>
      <TriggerOnDelete>0</TriggerOnDelete>
      <AsyncAutodelete>0</AsyncAutodelete>
      <SyncWorkflowLogOnFailure>0</SyncWorkflowLogOnFailure>
      <StateCode>1</StateCode>
      <StatusCode>2</StatusCode>
      <RunAs>1</RunAs>
      <IsTransacted>1</IsTransacted>
      <IntroducedVersion>1.0.0.0</IntroducedVersion>
      <IsCustomizable>1</IsCustomizable>
      <BusinessProcessType>0</BusinessProcessType>
      <IsCustomProcessingStepAllowedForOtherPublishers>1</IsCustomProcessingStepAllowedForOtherPublishers>
      <PrimaryEntity>none</PrimaryEntity>
      <LocalizedNames>
        <LocalizedName languagecode="1033" description="Send Prompt" />
      </LocalizedNames>
    </Workflow>
    <Workflow WorkflowId="{bfcc8044-b649-ef11-a317-7c1e521d6805}" Name="Send Scheduled Prompt">
      <JsonFileName>/Workflows/SendScheduledPrompt-BFCC8044-B649-EF11-A317-7C1E521D6805.json</JsonFileName>
      <Type>1</Type>
      <Subprocess>0</Subprocess>
      <Category>5</Category>
      <Mode>0</Mode>
      <Scope>4</Scope>
      <OnDemand>0</OnDemand>
      <TriggerOnCreate>0</TriggerOnCreate>
      <TriggerOnDelete>0</TriggerOnDelete>
      <AsyncAutodelete>0</AsyncAutodelete>
      <SyncWorkflowLogOnFailure>0</SyncWorkflowLogOnFailure>
      <StateCode>1</StateCode>
      <StatusCode>2</StatusCode>
      <RunAs>1</RunAs>
      <IsTransacted>1</IsTransacted>
      <IntroducedVersion>1.0.0.0</IntroducedVersion>
      <IsCustomizable>1</IsCustomizable>
      <BusinessProcessType>0</BusinessProcessType>
      <IsCustomProcessingStepAllowedForOtherPublishers>1</IsCustomProcessingStepAllowedForOtherPublishers>
      <PrimaryEntity>none</PrimaryEntity>
      <LocalizedNames>
        <LocalizedName languagecode="1033" description="Send Scheduled Prompt" />
      </LocalizedNames>
    </Workflow>
  </Workflows>
  <FieldSecurityProfiles></FieldSecurityProfiles>
  <Templates />
  <EntityMaps />
  <EntityRelationships />
  <OrganizationSettings />
  <optionsets />
  <CustomControls />
  <EntityDataProviders />
  <CanvasApps>
    <CanvasApp>
      <Name>msftprp_promptpulse_da5e9</Name>
      <AppVersion>2024-08-20T10:37:00Z</AppVersion>
      <Status>Ready</Status>
      <CreatedByClientVersion>3.24081.10.0</CreatedByClientVersion>
      <MinClientVersion>3.24081.10.0</MinClientVersion>
      <Tags>{"primaryDeviceWidth":"1366","primaryDeviceHeight":"768","supportsPortrait":"true","supportsLandscape":"true","primaryFormFactor":"Tablet","showStatusBar":"false","publisherVersion":"3.24081.10","minimumRequiredApiVersion":"2.2.0","hasComponent":"true","hasUnlockedComponent":"true","isUnifiedRootApp":"false","sienaVersion":"20240820T103510Z-3.24081.10.0"}</Tags>
      <IsCdsUpgraded>0</IsCdsUpgraded>
      <GalleryItemId xsi:nil="true"></GalleryItemId>
      <BackgroundColor>rgba(15, 108, 189, 1)</BackgroundColor>
      <DisplayName>Prompt Pulse</DisplayName>
      <Description>Prompt Pulse allows you to schedule and manage the sharing of Microsoft 365 Copilot prompts across your organization.</Description>
      <CommitMessage xsi:nil="true"></CommitMessage>
      <Publisher xsi:nil="true"></Publisher>
      <AuthorizationReferences>[]</AuthorizationReferences>
      <ConnectionReferences>{"237991c1-de49-4c24-8460-1ebcf3ab38a7":{"id":"/providers/microsoft.powerapps/apis/shared_sharepointonline","displayName":"SharePoint","iconUri":"https://connectoricons-prod.azureedge.net/u/jayawan/releases/v1.0.1697/1.0.1697.3786/sharepointonline/icon.png","dataSources":["Prompt Pulse Prompts List","Prompt Pulse Users List"],"dependencies":[],"dependents":[],"parameterHints":{},"parameterHintsV2":{},"isOnPremiseConnection":false,"bypassConsent":false,"dataSets":{"https://m365x54968485.sharepoint.com/sites/DailyPrompts_msftprp_PromptPulseSPOSite":{"datasetOverride":{"name":"https://m365x54968485.sharepoint.com/sites/DailyPrompts","environmentVariableName":"msftprp_PromptPulseSPOSite"},"dataSources":{"Prompt Pulse Prompts List":{"tableName":"72986894-40df-48d1-a4ae-b8ff7c926d54","tableNameOverride":{"name":"72986894-40df-48d1-a4ae-b8ff7c926d54","environmentVariableName":"msftprp_PromptPulsePromptsList"}},"Prompt Pulse Users List":{"tableName":"28a8a8b3-d117-43a8-8707-75126aa80cf5","tableNameOverride":{"name":"28a8a8b3-d117-43a8-8707-75126aa80cf5","environmentVariableName":"msftprp_PromptPulseUsersList"}}}}},"apiTier":"Standard","actions":["providers/PowerPlatform.Governance/Operations/Read","providers/PowerPlatform.Governance/Operations/Write","providers/PowerPlatform.Governance/Operations/Delete"]},"de561a2b-c463-4c73-bc18-8be7c3ae0423":{"id":"/providers/microsoft.powerapps/apis/shared_teams","displayName":"Microsoft Teams","iconUri":"https://connectoricons-prod.azureedge.net/releases/v1.0.1705/1.0.1705.3833/teams/icon.png","dataSources":["MicrosoftTeams"],"dependencies":[],"dependents":[],"parameterHints":{},"parameterHintsV2":{},"isOnPremiseConnection":false,"bypassConsent":false,"dataSets":{},"apiTier":"Standard","actions":["GetAllTeams","GetChannelsForGroup","GetChats"]},"84b264ea-d91e-4b48-a189-28a3e6a21bc9":{"id":"/providers/microsoft.powerapps/apis/shared_yammer","displayName":"Viva Engage","iconUri":"https://connectoricons-prod.azureedge.net/releases/v1.0.1690/1.0.1690.3719/yammer/icon.png","dataSources":["VivaEngage"],"dependencies":[],"dependents":[],"parameterHints":{},"parameterHintsV2":{},"isOnPremiseConnection":false,"bypassConsent":false,"dataSets":{},"apiTier":"Standard","actions":["GetGroups"]},"04cf2a83-55cc-4fad-a76e-965a4e66a2f7":{"id":"/providers/microsoft.powerapps/apis/shared_office365users","displayName":"Office 365 Users","iconUri":"https://connectoricons-prod.azureedge.net/releases/v1.0.1702/1.0.1702.3810/office365users/icon.png","dataSources":["Office365Users"],"dependencies":[],"dependents":[],"parameterHints":{},"parameterHintsV2":{},"isOnPremiseConnection":false,"bypassConsent":false,"dataSets":{},"apiTier":"Standard","actions":["SearchUserV2","MyProfile_V2"]}}</ConnectionReferences>
      <DatabaseReferences>{}</DatabaseReferences>
      <AppComponents>[]</AppComponents>
      <AppComponentDependencies>[]</AppComponentDependencies>
      <CanConsumeAppPass>1</CanConsumeAppPass>
      <CanvasAppType>0</CanvasAppType>
      <BypassConsent>0</BypassConsent>
      <AdminControlBypassConsent>0</AdminControlBypassConsent>
      <EmbeddedApp xsi:nil="true"></EmbeddedApp>
      <IntroducedVersion>1.0</IntroducedVersion>
      <CdsDependencies>{"cdsdependencies":[{"logicalname":"msftprp_PromptPulseSPOSite","componenttype":380,"componenttypeplatformname":"EnvironmentVariableDefinition"},{"logicalname":"msftprp_PromptPulsePromptsList","componenttype":380,"componenttypeplatformname":"EnvironmentVariableDefinition"},{"logicalname":"msftprp_PromptPulseUsersList","componenttype":380,"componenttypeplatformname":"EnvironmentVariableDefinition"}]}</CdsDependencies>
      <IsCustomizable>1</IsCustomizable>
      <BackgroundImageUri>/CanvasApps/msftprp_promptpulse_da5e9_BackgroundImageUri</BackgroundImageUri>
      <DocumentUri>/CanvasApps/msftprp_promptpulse_da5e9_DocumentUri.msapp</DocumentUri>
      <AdditionalUris>
        <AdditionalUri>/CanvasApps/msftprp_promptpulse_da5e9_AdditionalUris0_identity.json</AdditionalUri>
      </AdditionalUris>
    </CanvasApp>
  </CanvasApps>
  <connectionreferences>
    <connectionreference connectionreferencelogicalname="msftprp_PromptPulseEngageConnection">
      <connectionreferencedisplayname>Prompt Pulse Engage Connection</connectionreferencedisplayname>
      <connectorid>/providers/Microsoft.PowerApps/apis/shared_yammer</connectorid>
      <description>Connection to Viva Engage</description>
      <iscustomizable>1</iscustomizable>
      <statecode>0</statecode>
      <statuscode>1</statuscode>
    </connectionreference>
    <connectionreference connectionreferencelogicalname="msftprp_PromptPulseOffice365UsersConnection">
      <connectionreferencedisplayname>Prompt Pulse Office 365 Users Connection</connectionreferencedisplayname>
      <connectorid>/providers/Microsoft.PowerApps/apis/shared_office365users</connectorid>
      <description>Office 365 Users Connection</description>
      <iscustomizable>1</iscustomizable>
      <statecode>0</statecode>
      <statuscode>1</statuscode>
    </connectionreference>
    <connectionreference connectionreferencelogicalname="msftprp_PromptPulseSharePointConnection">
      <connectionreferencedisplayname>Prompt Pulse SharePoint Connection</connectionreferencedisplayname>
      <connectorid>/providers/Microsoft.PowerApps/apis/shared_sharepointonline</connectorid>
      <description>Connection to SharePoint</description>
      <iscustomizable>1</iscustomizable>
      <statecode>0</statecode>
      <statuscode>1</statuscode>
    </connectionreference>
    <connectionreference connectionreferencelogicalname="msftprp_PromptPulseTeamsConnection">
      <connectionreferencedisplayname>Prompt Pulse Teams Connection</connectionreferencedisplayname>
      <connectorid>/providers/Microsoft.PowerApps/apis/shared_teams</connectorid>
      <description>Connection to Microsoft Teams</description>
      <iscustomizable>1</iscustomizable>
      <statecode>0</statecode>
      <statuscode>1</statuscode>
    </connectionreference>
  </connectionreferences>
  <Languages>
    <Language>1033</Language>
  </Languages>
</ImportExportXml>