<environmentvariabledefinition schemaname="msftprp_PromptPulseSPOSite">
  <apiid>/providers/microsoft.powerapps/apis/shared_sharepointonline</apiid>
  <description default="Prompt Pulse SharePoint site">
    <label description="Prompt Pulse SharePoint site" languagecode="1033" />
  </description>
  <displayname default="Prompt Pulse SPO Site">
    <label description="Prompt Pulse SPO Site" languagecode="1033" />
  </displayname>
  <introducedversion>1.0.0.0</introducedversion>
  <iscustomizable>1</iscustomizable>
  <isrequired>0</isrequired>
  <parameterkey>dataset</parameterkey>
  <secretstore>0</secretstore>
  <type>100000004</type>
</environmentvariabledefinition>