{
  "properties": {
    "connectionReferences": {
      "shared_teams": {
        "runtimeSource": "invoker",
        "connection": {
          "connectionReferenceLogicalName": "msftprp_PromptPulseTeamsConnection"
        },
        "api": {
          "name": "shared_teams"
        }
      }
    },
    "definition": {
      "$schema": "https://schema.management.azure.com/providers/Microsoft.Logic/schemas/2016-06-01/workflowdefinition.json#",
      "contentVersion": "1.0.0.0",
      "parameters": {
        "$connections": {
          "defaultValue": {},
          "type": "Object"
        },
        "$authentication": {
          "defaultValue": {},
          "type": "SecureObject"
        }
      },
      "triggers": {
        "manual": {
          "metadata": {
            "operationMetadataId": "23196069-6144-4302-a3b7-f9f21129c39b"
          },
          "type": "Request",
          "kind": "PowerAppV2",
          "inputs": {
            "schema": {
              "type": "object",
              "properties": {
                "text": {
                  "title": "ServiceAccountUPN",
                  "type": "string",
                  "x-ms-dynamically-added": true,
                  "description": "Please enter your input",
                  "x-ms-content-hint": "TEXT"
                }
              },
              "required": [
                "text"
              ]
            }
          }
        }
      },
      "actions": {
        "List_group_chats": {
          "runAfter": {
            "Initialize_GroupChats_variable": [
              "Succeeded"
            ]
          },
          "metadata": {
            "operationMetadataId": "19073077-1eda-4870-82c7-2e2be73fd625"
          },
          "type": "OpenApiConnection",
          "inputs": {
            "host": {
              "connectionName": "shared_teams",
              "operationId": "GetChats",
              "apiId": "/providers/Microsoft.PowerApps/apis/shared_teams"
            },
            "parameters": {
              "chatType": "group",
              "topic": "all"
            },
            "authentication": "@parameters('$authentication')"
          }
        },
        "Loop_through_group_chats": {
          "foreach": "@outputs('List_group_chats')?['body/value']",
          "actions": {
            "List_members": {
              "runAfter": {},
              "metadata": {
                "operationMetadataId": "e85a170b-79bc-4538-8c0b-2f1ed360ac80"
              },
              "type": "OpenApiConnection",
              "inputs": {
                "host": {
                  "connectionName": "shared_teams",
                  "operationId": "ListMembers",
                  "apiId": "/providers/Microsoft.PowerApps/apis/shared_teams"
                },
                "parameters": {
                  "threadType": "groupchat",
                  "body/recipient": "@items('Loop_through_group_chats')?['id']"
                },
                "authentication": "@parameters('$authentication')"
              }
            },
            "Filter_array_to_find_service_account": {
              "runAfter": {
                "List_members": [
                  "Succeeded"
                ]
              },
              "metadata": {
                "operationMetadataId": "470d61d1-08af-4743-a94d-1fe32e2e9209"
              },
              "type": "Query",
              "inputs": {
                "from": "@outputs('List_members')?['body/value']",
                "where": "@equals(item()?['email'], triggerBody()['text'])"
              }
            },
            "Check_service_account_is_in_array": {
              "actions": {
                "Append_to_GroupChats_array": {
                  "runAfter": {},
                  "metadata": {
                    "operationMetadataId": "a662b085-af84-498b-bf56-7473c6963ca6"
                  },
                  "type": "AppendToArrayVariable",
                  "inputs": {
                    "name": "GroupChats",
                    "value": "@items('Loop_through_group_chats')"
                  }
                }
              },
              "runAfter": {
                "Filter_array_to_find_service_account": [
                  "Succeeded"
                ]
              },
              "expression": {
                "and": [
                  {
                    "greater": [
                      "@length(body('Filter_array_to_find_service_account'))",
                      0
                    ]
                  },
                  {
                    "equals": [
                      "@not(empty(item()?['topic']))\r\n",
                      "@true"
                    ]
                  }
                ]
              },
              "metadata": {
                "operationMetadataId": "0e7793e1-76fa-43ee-969f-6a2e16f48d4f"
              },
              "type": "If"
            }
          },
          "runAfter": {
            "List_group_chats": [
              "Succeeded"
            ]
          },
          "metadata": {
            "operationMetadataId": "e436d7a3-794d-480d-ba6e-bacd1fdc573e"
          },
          "type": "Foreach"
        },
        "Initialize_GroupChats_variable": {
          "runAfter": {},
          "metadata": {
            "operationMetadataId": "a727e3d8-a794-4e33-ac11-1698762ccef2"
          },
          "type": "InitializeVariable",
          "inputs": {
            "variables": [
              {
                "name": "GroupChats",
                "type": "array"
              }
            ]
          }
        },
        "Respond_to_a_Power_App_or_flow": {
          "runAfter": {
            "Create_new_array": [
              "Succeeded"
            ]
          },
          "metadata": {
            "operationMetadataId": "948b9324-28de-4b53-9faa-9cc7328d668d"
          },
          "type": "Response",
          "kind": "PowerApp",
          "inputs": {
            "statusCode": 200,
            "body": {
              "groupchats": "@{body('Create_new_array')}"
            },
            "schema": {
              "type": "object",
              "properties": {
                "groupchats": {
                  "title": "GroupChats",
                  "x-ms-dynamically-added": true,
                  "type": "string"
                }
              }
            }
          }
        },
        "Create_new_array": {
          "runAfter": {
            "Loop_through_group_chats": [
              "Succeeded"
            ]
          },
          "metadata": {
            "operationMetadataId": "927d0687-2bfb-44b1-ae8b-d8f2a0209419"
          },
          "type": "Select",
          "inputs": {
            "from": "@variables('GroupChats')",
            "select": {
              "id": "@item()['id']",
              "topic": "@item()['topic']"
            }
          }
        }
      }
    },
    "templateName": ""
  },
  "schemaVersion": "1.0.0.0"
}