<environmentvariabledefinition schemaname="msftprp_PromptPulseUsersList">
  <apiid>/providers/microsoft.powerapps/apis/shared_sharepointonline</apiid>
  <description default="Prompt Pulse Users SharePoint List">
    <label description="Prompt Pulse Users SharePoint List" languagecode="1033" />
  </description>
  <displayname default="Prompt Pulse Users List">
    <label description="Prompt Pulse Users List" languagecode="1033" />
  </displayname>
  <introducedversion>1.0.0.0</introducedversion>
  <iscustomizable>1</iscustomizable>
  <isrequired>0</isrequired>
  <parameterkey>table</parameterkey>
  <parentdefinitionid>
    <schemaname>msftprp_PromptPulseSPOSite</schemaname>
  </parentdefinitionid>
  <secretstore>0</secretstore>
  <type>100000004</type>
</environmentvariabledefinition>