<environmentvariabledefinition schemaname="msftprp_PromptPulseReportingList">
  <apiid>/providers/microsoft.powerapps/apis/shared_sharepointonline</apiid>
  <description default="Prompt Pulse Reporting SharePoint List">
    <label description="Prompt Pulse Reporting SharePoint List" languagecode="1033" />
  </description>
  <displayname default="Prompt Pulse Reporting List">
    <label description="Prompt Pulse Reporting List" languagecode="1033" />
  </displayname>
  <introducedversion>2.0.0.0</introducedversion>
  <iscustomizable>1</iscustomizable>
  <isrequired>0</isrequired>
  <parameterkey>table</parameterkey>
  <parentdefinitionid>
    <schemaname>msftprp_PromptPulseSPOSite</schemaname>
  </parentdefinitionid>
  <secretstore>0</secretstore>
  <type>100000004</type>
</environmentvariabledefinition>