<ImportExportXml version="9.2.24092.178" SolutionPackageVersion="9.2" languagecode="1033" generatedBy="CrmLive" xmlns:xsi="http://www.w3.org/2001/XMLSchema-instance" OrganizationVersion="9.2.24092.178" OrganizationSchemaType="Core" CRMServerServiceabilityVersion="9.2.24092.00178">
  <SolutionManifest>
    <UniqueName>ExportComponents89596e4073ae4ee18bd56a0440bf6f12</UniqueName>
    <LocalizedNames>
      <LocalizedName description="ExportComponents89596e4073ae4ee18bd56a0440bf6f12" languagecode="1033" />
    </LocalizedNames>
    <Descriptions />
    <Version>1.0</Version>
    <Managed>0</Managed>
    <Publisher>
      <UniqueName>Crad048</UniqueName>
      <LocalizedNames>
        <LocalizedName description="CDS Default Publisher" languagecode="1033" />
      </LocalizedNames>
      <Descriptions />
      <EMailAddress xsi:nil="true"></EMailAddress>
      <SupportingWebsiteUrl xsi:nil="true"></SupportingWebsiteUrl>
      <CustomizationPrefix>crb0f</CustomizationPrefix>
      <CustomizationOptionValuePrefix>23486</CustomizationOptionValuePrefix>
    </Publisher>
    <RootComponents>
      <RootComponent type="29" id="{15cdeb86-9d79-ef11-ac20-6045bd0e2e24}" behavior="0" />
    </RootComponents>
    <MissingDependencies>
      <MissingDependency>
        <Required type="1" schemaName="cra1b_employeeideacampaignlink" displayName="Employee Idea Campaign Link" solution="Active" />
        <Dependent type="29" displayName="Prompt Pulse Sync" id="{15cdeb86-9d79-ef11-ac20-6045bd0e2e24}" />
      </MissingDependency>
      <MissingDependency>
        <Required type="1" schemaName="msft_employeeidea" displayName="Employee Idea" solution="Active" />
        <Dependent type="29" displayName="Prompt Pulse Sync" id="{15cdeb86-9d79-ef11-ac20-6045bd0e2e24}" />
      </MissingDependency>
      <MissingDependency>
        <Required type="1" schemaName="msft_employeeidea_campaign" displayName="Employee Idea Campaign" solution="Active" />
        <Dependent type="29" displayName="Prompt Pulse Sync" id="{15cdeb86-9d79-ef11-ac20-6045bd0e2e24}" />
      </MissingDependency>
      <MissingDependency>
        <Required type="1" schemaName="msft_employeeidea_response" displayName="Employee Idea Response" solution="Active" />
        <Dependent type="29" displayName="Prompt Pulse Sync" id="{15cdeb86-9d79-ef11-ac20-6045bd0e2e24}" />
      </MissingDependency>
    </MissingDependencies>
  </SolutionManifest>
</ImportExportXml>