{
  "properties": {
    "connectionReferences": {
      "shared_commondataserviceforapps": {
        "runtimeSource": "embedded",
        "connection": {
          "connectionReferenceLogicalName": "cra1b_sharedcommondataserviceforapps_c6b63"
        },
        "api": {
          "name": "shared_commondataserviceforapps"
        }
      },
      "shared_sharepointonline": {
        "runtimeSource": "embedded",
        "connection": {
          "connectionReferenceLogicalName": "crb0f_sharedsharepointonline_77694"
        },
        "api": {
          "name": "shared_sharepointonline"
        }
      }
    },
    "definition": {
      "$schema": "https://schema.management.azure.com/providers/Microsoft.Logic/schemas/2016-06-01/workflowdefinition.json#",
      "contentVersion": "1.0.0.0",
      "parameters": {
        "$connections": {
          "defaultValue": {},
          "type": "Object"
        },
        "$authentication": {
          "defaultValue": {},
          "type": "SecureObject"
        },
        "Prompt Pulse SPO Site (crb0f_PromptPulseSPOSite)": {
          "defaultValue": "https://m365x54968485.sharepoint.com/sites/DailyPrompts",
          "type": "String",
          "metadata": {
            "schemaName": "crb0f_PromptPulseSPOSite",
            "description": "Prompt Pulse SharePoint site"
          }
        },
        "Prompt Pulse Prompts List (crb0f_PromptPulsePromptsList)": {
          "defaultValue": "72986894-40df-48d1-a4ae-b8ff7c926d54",
          "type": "String",
          "metadata": {
            "schemaName": "crb0f_PromptPulsePromptsList",
            "description": "Prompt Pulse Daily Prompts SharePoint List"
          }
        }
      },
      "triggers": {
        "Recurrence": {
          "recurrence": {
            "frequency": "Hour",
            "interval": 1,
            "startTime": "2024-09-23T09:00:00Z"
          },
          "metadata": {
            "operationMetadataId": "0b071eaf-8592-4df7-b33b-3314732ad3bb"
          },
          "type": "Recurrence"
        }
      },
      "actions": {
        "Sync_to_Pulse": {
          "actions": {
            "Get_M365_copilot_prompt_category": {
              "runAfter": {},
              "metadata": {
                "operationMetadataId": "dd3e1ee6-0414-4465-a2df-9926dbb06396"
              },
              "type": "OpenApiConnection",
              "inputs": {
                "host": {
                  "connectionName": "shared_commondataserviceforapps",
                  "operationId": "ListRecords",
                  "apiId": "/providers/Microsoft.PowerApps/apis/shared_commondataserviceforapps"
                },
                "parameters": {
                  "entityName": "msft_employeeidea_campaigns",
                  "$filter": "msft_name eq 'Copilot (M365)'"
                },
                "authentication": "@parameters('$authentication')"
              }
            },
            "Get_prompts": {
              "runAfter": {
                "Get_M365_copilot_prompt_category": [
                  "Succeeded"
                ]
              },
              "metadata": {
                "operationMetadataId": "8e61afec-5eba-416e-9de9-8c76c8f886d7"
              },
              "type": "OpenApiConnection",
              "inputs": {
                "host": {
                  "connectionName": "shared_commondataserviceforapps",
                  "operationId": "ListRecords",
                  "apiId": "/providers/Microsoft.PowerApps/apis/shared_commondataserviceforapps"
                },
                "parameters": {
                  "entityName": "msft_employeeideas",
                  "$filter": "_msft_employeeidea_campaignid_value eq '@{first(outputs('Get_M365_copilot_prompt_category')?['body/value'])?['msft_employeeidea_campaignid']}'"
                },
                "authentication": "@parameters('$authentication')"
              }
            },
            "Loop_through_prompts": {
              "foreach": "@outputs('Get_prompts')?['body/value']",
              "actions": {
                "Get_prompt_details": {
                  "runAfter": {},
                  "metadata": {
                    "operationMetadataId": "b4e0847f-4f08-4293-a944-317b33c6bb4f"
                  },
                  "type": "OpenApiConnection",
                  "inputs": {
                    "host": {
                      "connectionName": "shared_commondataserviceforapps",
                      "operationId": "ListRecords",
                      "apiId": "/providers/Microsoft.PowerApps/apis/shared_commondataserviceforapps"
                    },
                    "parameters": {
                      "entityName": "msft_employeeidea_responses",
                      "$filter": "_msft_employeeideaid_value eq '@{items('Loop_through_prompts')?['msft_employeeideaid']}'"
                    },
                    "authentication": "@parameters('$authentication')"
                  }
                },
                "Get_prompt_item": {
                  "runAfter": {
                    "Get_prompt_details": [
                      "Succeeded"
                    ]
                  },
                  "metadata": {
                    "operationMetadataId": "38ab0b2c-0fd7-47c4-b0ff-6b8cc1e573b8"
                  },
                  "type": "OpenApiConnection",
                  "inputs": {
                    "host": {
                      "connectionName": "shared_sharepointonline",
                      "operationId": "GetItems",
                      "apiId": "/providers/Microsoft.PowerApps/apis/shared_sharepointonline"
                    },
                    "parameters": {
                      "dataset": "@parameters('Prompt Pulse SPO Site (crb0f_PromptPulseSPOSite)')",
                      "table": "@parameters('Prompt Pulse Prompts List (crb0f_PromptPulsePromptsList)')",
                      "$filter": "BuddyId eq '@{items('Loop_through_prompts')?['msft_employeeideaid']}' and Source eq 'Buddy'"
                    },
                    "authentication": "@parameters('$authentication')"
                  }
                },
                "Check_prompt_item_does_not_exist": {
                  "actions": {
                    "Get_items": {
                      "runAfter": {},
                      "metadata": {
                        "operationMetadataId": "ad6d0298-6fb2-46cf-978f-6ceb756fa9aa"
                      },
                      "type": "OpenApiConnection",
                      "inputs": {
                        "host": {
                          "connectionName": "shared_sharepointonline",
                          "operationId": "GetItems",
                          "apiId": "/providers/Microsoft.PowerApps/apis/shared_sharepointonline"
                        },
                        "parameters": {
                          "dataset": "@parameters('Prompt Pulse SPO Site (crb0f_PromptPulseSPOSite)')",
                          "table": "@parameters('Prompt Pulse Prompts List (crb0f_PromptPulsePromptsList)')",
                          "$filter": "BuddyId eq '@{items('Loop_through_prompts')?['msft_employeeideaid']}' and SyncedToPulse eq true"
                        },
                        "authentication": "@parameters('$authentication')"
                      }
                    },
                    "Condition": {
                      "actions": {
                        "Create_prompt_item": {
                          "runAfter": {},
                          "metadata": {
                            "operationMetadataId": "413b31f1-a330-43fe-a609-11a5588ef681"
                          },
                          "type": "OpenApiConnection",
                          "inputs": {
                            "host": {
                              "connectionName": "shared_sharepointonline",
                              "operationId": "PostItem",
                              "apiId": "/providers/Microsoft.PowerApps/apis/shared_sharepointonline"
                            },
                            "parameters": {
                              "dataset": "@parameters('Prompt Pulse SPO Site (crb0f_PromptPulseSPOSite)')",
                              "table": "@parameters('Prompt Pulse Prompts List (crb0f_PromptPulsePromptsList)')",
                              "item/Title": "@items('Loop_through_prompts')?['msft_name']",
                              "item/Prompt": "@first(outputs('Get_prompt_details')?['body/value'])?['msft_responsetext']",
                              "item/Scheduled": false,
                              "item/Status/Value": "Not Sent",
                              "item/Source/Value": "Buddy",
                              "item/SyncedToPulse": true,
                              "item/BuddyId": "@items('Loop_through_prompts')?['msft_employeeideaid']"
                            },
                            "authentication": "@parameters('$authentication')"
                          }
                        }
                      },
                      "runAfter": {
                        "Get_items": [
                          "Succeeded"
                        ]
                      },
                      "expression": {
                        "equals": [
                          "@length(outputs('Get_items')?['body/value'])",
                          0
                        ]
                      },
                      "metadata": {
                        "operationMetadataId": "b602c6a2-77a2-4ab4-8f09-150809605846"
                      },
                      "type": "If"
                    }
                  },
                  "runAfter": {
                    "Get_prompt_item": [
                      "Succeeded"
                    ]
                  },
                  "expression": {
                    "equals": [
                      "@length(outputs('Get_prompt_item')?['body/value'])",
                      0
                    ]
                  },
                  "metadata": {
                    "operationMetadataId": "5b5773f2-11d8-4e5c-a157-5da63ca04743"
                  },
                  "type": "If"
                }
              },
              "runAfter": {
                "Get_prompts": [
                  "Succeeded"
                ]
              },
              "metadata": {
                "operationMetadataId": "2cc36461-0b2a-471c-8fc2-e334d3be31fc"
              },
              "type": "Foreach"
            }
          },
          "runAfter": {},
          "metadata": {
            "operationMetadataId": "dd4a05b7-200d-4394-a121-bc54c6c53eba"
          },
          "type": "Scope"
        },
        "Sync_to_Buddy": {
          "actions": {
            "Get_prompt_pulse_prompts": {
              "runAfter": {},
              "metadata": {
                "operationMetadataId": "d7a5bb79-a40f-41df-953c-4b6a31faa77a"
              },
              "type": "OpenApiConnection",
              "inputs": {
                "host": {
                  "connectionName": "shared_sharepointonline",
                  "operationId": "GetItems",
                  "apiId": "/providers/Microsoft.PowerApps/apis/shared_sharepointonline"
                },
                "parameters": {
                  "dataset": "@parameters('Prompt Pulse SPO Site (crb0f_PromptPulseSPOSite)')",
                  "table": "@parameters('Prompt Pulse Prompts List (crb0f_PromptPulsePromptsList)')",
                  "$filter": "Source eq 'Pulse' and Status eq 'Sent' and SyncedToBuddy eq false"
                },
                "authentication": "@parameters('$authentication')"
              }
            },
            "Apply_to_each": {
              "foreach": "@outputs('Get_prompt_pulse_prompts')?['body/value']",
              "actions": {
                "Update_prompt_pulse_prompt": {
                  "runAfter": {
                    "Create_prompt_in_prompt_buddy_-_idea_links": [
                      "Succeeded"
                    ]
                  },
                  "metadata": {
                    "operationMetadataId": "30727b1e-cf9a-4649-8c65-5908d9e466d3"
                  },
                  "type": "OpenApiConnection",
                  "inputs": {
                    "host": {
                      "connectionName": "shared_sharepointonline",
                      "operationId": "PatchItem",
                      "apiId": "/providers/Microsoft.PowerApps/apis/shared_sharepointonline"
                    },
                    "parameters": {
                      "dataset": "@parameters('Prompt Pulse SPO Site (crb0f_PromptPulseSPOSite)')",
                      "table": "@parameters('Prompt Pulse Prompts List (crb0f_PromptPulsePromptsList)')",
                      "id": "@items('Apply_to_each')?['ID']",
                      "item/SyncedToBuddy": true,
                      "item/BuddyId": "@outputs('Create_prompt_in_prompt_buddy_-_idea')?['body/msft_employeeideaid']"
                    },
                    "authentication": "@parameters('$authentication')"
                  }
                },
                "Create_prompt_in_prompt_buddy_-_idea": {
                  "runAfter": {},
                  "metadata": {
                    "operationMetadataId": "a3ae09cb-0150-4dc4-97bc-298b4460db7b"
                  },
                  "type": "OpenApiConnection",
                  "inputs": {
                    "host": {
                      "connectionName": "shared_commondataserviceforapps",
                      "operationId": "CreateRecord",
                      "apiId": "/providers/Microsoft.PowerApps/apis/shared_commondataserviceforapps"
                    },
                    "parameters": {
                      "entityName": "msft_employeeideas",
                      "item/msft_name": "@items('Apply_to_each')?['Title']",
                      "item/msft_EmployeeIdea_CampaignId@odata.bind": "@first(outputs('Get_M365_copilot_prompt_category')?['body/value'])?['@odata.id']",
                      "item/msft_calc_employeeidea_campaignstatuscode": 299600000,
                      "item/msft_description": "@items('Apply_to_each')?['Prompt']"
                    },
                    "authentication": "@parameters('$authentication')"
                  }
                },
                "Create_prompt_in_prompt_buddy_-_idea_links": {
                  "runAfter": {
                    "Create_prompt_in_prompt_buddy_-_idea": [
                      "Succeeded"
                    ]
                  },
                  "metadata": {
                    "operationMetadataId": "1127eb31-e78f-4fbe-b384-380749b3f06e"
                  },
                  "type": "OpenApiConnection",
                  "inputs": {
                    "host": {
                      "connectionName": "shared_commondataserviceforapps",
                      "operationId": "CreateRecord",
                      "apiId": "/providers/Microsoft.PowerApps/apis/shared_commondataserviceforapps"
                    },
                    "parameters": {
                      "entityName": "cra1b_employeeideacampaignlinks",
                      "item/cra1b_LinkedCampaign@odata.bind": "@first(outputs('Get_M365_copilot_prompt_category')?['body/value'])?['@odata.id']",
                      "item/cra1b_LinkedIdea@odata.bind": "@outputs('Create_prompt_in_prompt_buddy_-_idea')?['body/@odata.id']"
                    },
                    "authentication": "@parameters('$authentication')"
                  }
                }
              },
              "runAfter": {
                "Get_prompt_pulse_prompts": [
                  "Succeeded"
                ]
              },
              "metadata": {
                "operationMetadataId": "e05cc39c-c3de-4def-84a2-3e755a64b40b"
              },
              "type": "Foreach"
            }
          },
          "runAfter": {
            "Sync_to_Pulse": [
              "Succeeded"
            ]
          },
          "metadata": {
            "operationMetadataId": "eca84f53-a6fd-491e-80fe-3b6956a43d2b"
          },
          "type": "Scope"
        }
      }
    },
    "templateName": ""
  },
  "schemaVersion": "1.0.0.0"
}